Id,"Alg-Syst-GrSys-ParamMethOr-SectEx2"
FileType,"Άσκηση ενότητας"
Field,"Άλγεβρα"
Chapter,"Συστήματα"
Section,"Γραμμικά συστήματα"
ExerciseType,"Μέθοδος οριζουσών|Εύρεση παραμέτρου"
Difficulty,"1"
Path,"/home/spyros/Βάσεις Δεδομένων DataTeX/Β Λυκείου/Άλγεβρα/Συστήματα/Γραμμικά συστήματα/Ασκήσεις/Alg-Syst-GrSys-ParamMethOr-SectEx2.tex"
Date,"27/1/2023 12:10"
Solved_Prooved,"0"
Bibliography,""
FileContent,"%# Database File : Alg-Syst-GrSys-ParamMethOr-SectEx2\qt_endl%@ Database source: b_lykeiou\qt_endlΑν γνωρίζουμε ότι το παραμετρικό σύστημα\qt_endl\[ \ccases{\lambda x+2y=\lambda+4\\3x+(\lambda+1)y=4\lambda+1} \]\qt_endlέχει μοναδική λύση $ (x_0,y_0) $ τότε να βρεθούν οι τιμές του $ \lambda\in\mathbb{R} $ ώστε οι τιμές $ x_0,y_0 $ να ικανοποιούν τη σχέση\qt_endl\[ x_0+y_0=2 \]\qt_endl%# End of file Alg-Syst-GrSys-ParamMethOr-SectEx2"
Preamble,"Basic"
BuildCommand,"PdfLaTeX"
FileDescription,""
Custom_Tags,""
